s3sb_11,203_1,
s3sb_12,203_2,
s3sb_1,s2sb_1,
s3sb_2,s2sb_2,
s3sb_3,s2sb_3,
s3sb_31,211_3,
s2nb_11,211_1,
s2nb_1,s3nb_1,
s2nb_2,s3nb_2,
s2nb_3,s3nb_3,203_2
s2nb_4,203_3,
111_1,s3nb_1,
111_2,203_2,
111_3,203_3,s2sb_3
103_1,211_1,s2sb_1
103_2,211_2,
103_3,s3nb_3,
102_2,s2nb_3,s2nb_2
102_3,s2nb_4,
101_1,s2nb_1,
101_2,s2nb_2,
102_1,201_2,s2nb_1
s2sb_1,201_1,
s2sb_2,201_2,
s2sb_3,201_3,
s3nb_11,210_1,
s3nb_1,s4nb_1,
s3nb_2,s4nb_2,
s3nb_3,s4nb_3,
s3nb_31,s4nb_4,205_2
105_1,s3sb_1,
105_2,210_1,s4nb_4
110_2,s3sb_3,205_2
110_1,205_1,s4nb_1
s4sb_4,210_2,
s4sb_3,s3sb_3,
s4sb_2,s3sb_2,
s4sb_1,s3sb_1,
s4sb_11,205_1,s3sb_1
s4nb_1,208_1,
s4nb_2,208_2,
s4nb_3,208_3,
s4nb_4,208_4,207_3
107_1,s4sb_1,
107_2,s4sb_2,209
107_3,208_4,
109_2,207_2,s4sb_4
109_1,208_1,207_1
108_11,207_1,
108_1,s4sb_1,
108_2,s4sb_2,
108_3,s4sb_3,
108_4,s4sb_4,209
